;n_text;n_hashtags;n_total;Open;High;Low;Close;Adj Close;Volume
n_text;1.0;0.28438958726291713;0.8974221843249656;-0.034384541435433146;-0.029155845283534168;-0.03347000884441575;-0.029353885794254818;-0.027732099184920284;0.07516939677913374
n_hashtags;0.28438958726291713;1.0;0.6781737523609992;-0.1783898819508957;-0.16927477236034144;-0.18679498595627309;-0.1733926835504415;-0.16822328217526367;0.3141742193715618
n_total;0.8974221843249656;0.6781737523609992;1.0;-0.10844796140980359;-0.10024535033418895;-0.11161473285163603;-0.10229211429652087;-0.09867010440357575;0.20219614572582542
Open;-0.034384541435433146;-0.1783898819508957;-0.10844796140980359;1.0;0.998160629846017;0.9969237324325609;0.9945010745065557;0.9894788035763404;-0.24339854691679508
High;-0.029155845283534168;-0.16927477236034144;-0.10024535033418895;0.998160629846017;1.0;0.9967484861356539;0.9971910848532217;0.9920174740853085;-0.23224420105193355
Low;-0.03347000884441575;-0.18679498595627309;-0.11161473285163603;0.9969237324325609;0.9967484861356539;1.0;0.9978009225471673;0.9939000380166602;-0.27961075052681095
Close;-0.029353885794254818;-0.1733926835504415;-0.10229211429652087;0.9945010745065557;0.9971910848532217;0.9978009225471673;1.0;0.9958778794096192;-0.26311542519288594
Adj Close;-0.027732099184920284;-0.16822328217526367;-0.09867010440357575;0.9894788035763404;0.9920174740853085;0.9939000380166602;0.9958778794096192;1.0;-0.2755951824200843
Volume;0.07516939677913374;0.3141742193715618;0.20219614572582542;-0.24339854691679508;-0.23224420105193355;-0.27961075052681095;-0.26311542519288594;-0.2755951824200843;1.0
